height,teeth size,tail length,dino
3.244111996298493,18.865971416033773,13.713091157814311,2
15.391455489723452,2.115573221666155,20.942076215765695,3
14.625879432713802,4.1684785659030315,22.01066583725349,3
5.5742876649769055,21.108127203396727,14.003039855129781,2
15.67538462857597,6.361125988337299,7.721573520904448,1
9.241838228468175,22.985857079152677,17.28525478581325,0
9.59045374203489,21.51081047408212,15.08921540516197,0
7.765884544434217,21.45199859895735,15.627047715893678,0
15.76772754745852,5.6027615098125585,5.3436783583629515,1
9.608129760256032,23.291951023986748,16.048307447392272,0
3.834245944566721,22.22340485039392,13.889666488481602,2
1.9505003140832091,21.054287034565228,14.03657330270061,2
12.593850455926205,5.389442768906811,5.0867634338502565,1
14.42905745602234,8.285375153749815,4.476372176343911,1
3.5852713089574504,22.38604783474185,12.954767320609903,2
13.731933626084402,6.472428205363027,3.8683509825336095,1
11.256256617228347,22.419267839159275,15.378994881893057,0
2.8455993873369394,20.939294065269845,15.226184672032993,2
16.502040772321408,3.8023858068441925,20.0717249149288,3
9.025072623376992,22.256248399764356,14.726598591570303,0
4.349351631825553,19.85890561820031,14.223459890737015,2
3.078566670735295,18.8188025414677,14.782356198553778,2
2.611135393872406,19.102810489584545,13.514160037216865,2
14.506564119692612,2.4516435906365857,21.27548810964416,3
16.64532820710895,2.3093977360796263,22.079556553682835,3
2.1551296780843483,21.463401476627748,15.339415302204042,2
2.2954973951494893,21.29298011602544,14.44949459673586,2
2.724952507323394,20.25739030087288,16.12202202403069,2
17.614712219241945,2.0730840861928,22.0911156662715,3
9.503804268825156,23.467820205355636,16.375222002990146,0
10.41482939615415,21.829383991755332,16.11715581570906,0
15.645021912033338,3.215223302487951,21.192337612359545,3
15.614771471333643,3.1400347755899958,23.071649133538422,3
15.840208789802997,5.244246929395251,22.212348805358154,3
13.823114096908206,6.245949262320273,4.946818582440184,1
8.279786177184793,21.36245002039616,16.687277507544515,0
15.239591742795596,2.407732513834551,21.605464372638828,3
8.965047355266488,21.25515346664462,16.790272622704308,0
16.352087147185934,4.3530004666835325,20.365673139712346,3
17.21339917364383,2.4136292586016364,21.014225771287535,3
16.111246938879162,6.032482976946024,20.286230017465723,3
16.39152231511231,3.9094329750074426,22.06412129529435,3
2.44251892412157,20.112392676671007,13.035120707712991,2
9.37847432725642,21.7933165286651,17.254045536271526,0
3.762878992293105,18.879668099365162,11.726119281726938,2
9.587798341939969,22.609443153635233,15.82165815299463,0
2.33479188932413,20.097044023597178,14.389665741680354,2
2.167322868755477,17.761189256703393,13.831272472264006,2
3.0436037163729104,18.20166801649011,13.414478247769743,2
17.051699056757418,3.5835292257095794,21.95144826322467,3
1.980859428055144,21.437844610167573,14.73768155030542,2
3.9159635731775637,21.512436286973347,14.73060408206524,2
14.845627012220877,6.770573986807391,5.0207145429446705,1
5.751235885382604,20.90315608871228,14.348096551446343,2
8.937153071600068,20.816408235609472,18.60460396914449,0
8.644008658878844,20.499438903512456,16.19336388416108,0
9.05824418912763,22.40873827057662,16.21889435540784,0
16.472760229363793,5.111647260492429,22.46974019547477,3
16.778457505497606,4.095259209116527,20.03224133203935,3
9.089581905061413,22.238378610008738,16.652471237009898,0
10.347201171270722,22.228379872328524,15.394140057516113,0
13.417692564780477,5.482985681542212,6.308906937831605,1
14.055453673216157,7.185853183914081,4.6026019566236815,1
15.744084742315824,3.116599971678143,22.374013762584596,3
1.566969176097194,20.83712302206842,13.489599395202264,2
13.903003972482086,4.459411875332739,5.549508625856639,1
14.417772352160872,7.317004295494381,4.510107502404671,1
2.8931415954581574,19.432330690083415,11.87048483353487,2
18.21799512075045,2.2808014505901326,21.87182912005134,3
9.040736905468005,22.63713606054582,15.572258406845506,0
3.4634641431834563,21.08960319388339,15.249233458748483,2
15.924896268701962,4.547310033098993,20.29190353082825,3
9.560604461937269,21.62897253133656,16.75339618147935,0
13.80022362401731,7.832081288991073,3.7479892637926966,1
9.828405039022453,21.602409162075855,16.152272612155606,0
15.6570973753986,5.66148854597979,6.198571240155349,1
8.659852260536212,22.28474295397816,16.589640726778963,0
3.6140440396137237,19.261129387351822,14.450607332071824,2
13.51089439523569,5.685876581416414,4.810718283255414,1
16.63345382684018,3.487645153832137,22.14087946159961,3
9.156301141106301,21.539340817037363,15.986549603654389,0
11.681258002757229,21.02374980306763,16.07358110662533,0
13.964050687296528,7.206268374680308,5.594588639604006,1
9.456090607242007,20.84560809057879,17.78270165074312,0
8.81077765536876,22.246539825359324,16.932951309526782,0
3.3464128222597136,22.34712913472834,14.029100079424174,2
8.012216131167408,23.15804017140525,16.978375243722517,0
10.3904022523805,22.321585649074933,17.45274095506706,0
15.523670176754809,5.122018768109939,6.104212805200637,1
17.035968630053432,2.761924659067782,20.19499618785074,3
3.439049181322181,21.684181511337353,12.713479835745064,2
9.07551446304645,22.647067994304606,18.910571694032498,0
10.993159429043278,22.0883809086181,18.268494381799393,0
13.748536533943707,6.670424907873282,4.1515459518604185,1
3.3923731490826725,19.063358150326124,13.405938826824698,2
4.036061424076717,20.58608424450063,14.21589014623172,2
17.34117676428162,3.6057975168694067,20.86698274863229,3
14.233778976575298,3.132806491765292,22.243355014424207,3
13.874280030749588,7.039449291836498,4.829615862535402,1
15.859406056431045,3.0822420995689583,22.13006774752818,3
8.505076330611706,22.518332643716164,16.10962121785566,0
14.38696878139223,5.935085149971021,4.990069706990627,1
4.400618596303427,20.53318233077333,13.53066404923213,2
13.280264486144825,5.401965543279532,6.014814783668495,1
16.513956524277788,2.8413385195023686,19.57759374269137,3
8.700327921501938,22.48575448533432,18.521903332703136,0
10.547924603166166,22.357904417766783,14.876838680865367,0
14.67434242625163,5.822809305488738,6.495597220035673,1
9.245059312861306,21.741562558450653,13.94299219328653,0
16.571214351880407,2.550601975742479,22.801567013365077,3
9.868102869992102,22.771274744843673,15.717713512050477,0
3.2317244064771717,21.485401218106894,13.094947100673602,2
12.984578576789815,5.016783491632959,5.2997845578775316,1
17.208769262542358,4.581279878343823,21.16880629917186,3
4.536110336534807,18.187848701520007,17.16004876852417,2
16.195603973408932,2.324443947053247,20.3123719143547,3
9.980176938175168,20.792158319306374,17.35287726640049,0
3.5123023426375486,20.812710045646366,14.657021703425945,2
3.085721219721467,20.00367539224386,14.174058227112916,2
14.58230780484791,5.028060044176151,4.803481957029251,1
16.411651762172603,5.4073573757000135,24.508115599245247,3
8.083338602570695,21.295841906945885,16.426431684516253,0
14.793651865138095,6.627646839956028,6.186565096313207,1
9.250476978789115,21.639465320648725,17.350838804431593,0
15.163815958727074,7.069926944290054,3.63499243827415,1
3.469722782868091,19.93187434807691,14.291427176109282,2
3.2500791296558376,21.801052996553963,12.88061112073067,2
9.458049106731252,21.470861357064557,15.927033053550936,0
10.408664324002025,24.136442325210954,17.67234409677925,0
13.450309656787464,5.700185991752873,4.838105797863546,1
15.211452755374367,6.141644385584792,5.428723419323017,1
16.1125543724468,2.006500039112474,21.345792592662416,3
10.079119583431826,22.295277995933354,16.017179316407507,0
9.191795026481383,22.106046904733823,14.652309921627209,0
13.724478557757184,7.727718384868723,5.610865358362305,1
14.654670381313355,6.148691184979191,5.149646546219799,1
17.172914591329267,4.753165801446929,20.655712810701502,3
14.252163846164533,5.285025755588973,7.265039534497442,1
12.123184441784641,22.50760402907921,16.824714959922975,0
14.51463241214552,6.879527969151376,4.543380005997334,1
3.3560565449413264,19.970356622688016,14.360784078325867,2
9.831954351763894,22.29097692752834,17.467062085264125,0
14.338130686406958,8.523788394087005,5.062271609690468,1
2.520185334319681,20.811395200369777,15.82664834465092,2
8.419909878886138,22.49675854344151,16.41641605090225,0
14.169690853642201,6.829376566437242,5.030154712436826,1
15.535774268424696,2.092442691317281,21.195216405844228,3
3.2125599452200078,20.49686457986911,14.266253432772675,2
2.8268969112574496,19.919874452256707,13.067177655514822,2
15.045677021250533,5.7554200793058445,4.280680739385047,1
13.806051603623878,6.267086495282053,6.326399373232411,1
14.91145348991673,5.6043280806313565,5.216011183665037,1
16.25482393019756,2.2814861612421247,23.80987371881831,3
6.871057272857506,22.836188632573545,16.72692590446627,0
17.140309606702704,3.4970080284810727,20.58993132159896,3
9.538887323608632,22.274008629919805,15.735562211123693,0
3.955160963916203,18.574990942260523,15.326640477742329,2
4.471980989483598,21.71920672628866,13.460132208285874,2
18.115608989671195,2.905943181654113,20.339289456183288,3
1.9225651677100881,18.855997649746264,14.187061076100692,2
3.5540882105427567,19.814559289791205,13.996725922672182,2
15.21253503509607,5.159053083831607,22.33038860750027,3
13.935947447430891,6.84800235248571,5.171836292531353,1
1.5991263864774474,19.794470238152407,14.816564914486003,2
3.2880518229104023,22.262451914556987,13.0219689102586,2
15.382517124126313,8.419270932467981,4.757051846284394,1
17.009882438126194,1.1648005519314442,20.79149674847459,3
8.512429599332219,22.422538883912793,14.93729523199026,0
13.122649229731431,5.539849359044007,5.708468811144663,1
16.90645686879819,3.216992589799368,21.334008866131388,3
13.9887487315222,5.024097721953528,3.6798395241297595,1
15.266105233557884,3.0035890467558275,20.402381648449655,3
8.083290682229428,21.236469440607447,15.529302990762272,0
3.9697300416451355,20.690810228900045,15.860483911659298,2
3.3512538599627337,21.324569008065843,11.319067941864938,2
3.7970902735732164,19.08426452064523,14.082232865130504,2
2.20223300664051,19.95131613942765,15.111048854568361,2
13.20319645288209,6.354158720639478,3.5639947605204263,1
15.104893913160655,4.634772953011375,21.139342642870055,3
13.725992301420135,5.438388560850932,4.118270396829137,1
3.4884170079663104,20.62399727510953,14.644507378907578,2
11.245596558931615,19.9323567203146,18.33633520451814,0
3.05437009935976,20.771239841308983,12.451424082795675,2
13.414247836669144,6.497584683913251,6.685414435958394,1
2.3265293417339663,22.413061637193476,12.414639207746117,2
8.783132911328469,22.45810555634455,17.414512889657438,0
15.949242586019757,2.4597714258938126,21.47567756175875,3
2.3738884914557516,19.70267531724759,13.854156416279386,2
14.985856950296057,2.5166200436394437,21.99542526149327,3
10.00583764415591,22.52807207911053,17.154926522534147,0
2.486493968389608,20.179004244783187,13.229880313864214,2
14.565696633141915,6.898733885015368,4.56870469039552,1
5.0462585492985985,21.866766443770892,13.533450813077902,2
10.242735409634024,22.805318075241367,15.730491381433362,0
14.35432806882351,7.4101255629314755,5.793071757994012,1
17.625628794673347,4.408548659381857,21.67883344773002,3
16.528933221395214,3.098160199743651,22.31999854521714,3
16.859354828459935,2.9686458647875664,20.918704075840644,3
15.606601216241828,4.974027415830042,5.422525871963087,1
10.152933051468297,23.600302944343674,15.402063337401252,0
8.269958726976228,22.22314972320308,14.680208712348325,0
17.112900832978994,3.0451828655479964,19.694325456413168,3
2.515444933520186,22.098833808108218,12.828663403107695,2
14.6921229946058,7.116420494654546,4.363095318154593,1
13.678220005648704,7.368114881522464,4.446399782480185,1
10.067359340003016,22.325536282741858,19.718759644683338,0
10.36040829705291,23.369923987003272,17.053313739451802,0
9.814886346342044,21.629203847782005,15.962956835922142,0
14.095179498586093,8.680457347117525,5.023830506999404,1
16.854930467834905,3.0196772459969186,22.45813342728651,3
8.413057599017943,21.29898241893835,17.319476585162775,0
4.271372085320213,20.733341572427214,13.781042580245632,2
10.454178506191571,22.42706705513482,17.461938996222592,0
5.185981866650842,18.960348910905893,14.212006402474572,2
14.516769838535165,5.749758476762624,5.891589117372398,1
2.520190648141037,20.755445460172645,14.822709760091858,2
15.313817627301823,2.7596009973229876,20.308564005897498,3
4.482976275637002,21.74312592001234,13.42187666912547,2
2.686768586741465,21.194820212955946,12.676320554617426,2
13.834713699956959,4.896074572559364,4.910867149438028,1
15.95996002197339,3.405168570686591,21.996991432801796,3
4.282702910688461,20.3237299804169,14.012999913725562,2
8.630389011663297,21.629730583968495,17.646171645442543,0
9.382042228490391,22.415997850297263,17.330022827939214,0
10.020606554862532,23.455854748856222,14.168234336100813,0
14.106710588723015,5.9679029724681865,5.827999083412644,1
3.979561901389019,20.699932441596218,13.120248680506666,2
14.420878243958047,6.763095568716274,6.449042936856484,1
14.154191242644439,4.823540860892884,5.519578358476695,1
4.241720309078638,19.876201019839954,15.303316596599288,2
17.17911302276441,3.6831851967416966,21.94967331847941,3
3.5387726372661756,20.294260101813727,15.148350485636344,2
8.601287947321726,21.198475843232885,16.562777126813998,0
8.563871905369167,21.954760772136524,13.39861149615903,0
3.1829838920359315,22.22471360125171,13.961639421049554,2
17.258604267674606,2.932852429907644,20.535421279196765,3
10.246193602773007,22.515203315822703,15.662323591429551,0
9.348422891925956,22.13458175991022,17.15431767028685,0
9.832558352724408,23.89045696741421,17.59030267441415,0
15.645742070778436,6.539391818214775,4.4148785509656445,1
13.154970800518425,6.116998351437778,4.949705784199125,1
2.730051930645942,20.727253005835312,13.998104628473259,2
8.384276468205579,24.587645931448183,16.69909727024259,0
13.00155564543008,7.3207867167931555,4.462996127752658,1
14.509679527511135,5.221904827057693,5.148071564093182,1
16.733508997635052,3.349498868916738,22.522550403110387,3
9.824464482234198,23.051826072456223,16.129862437373355,0
16.49096029149392,1.8945161892443707,22.148776210761653,3
13.526986250725953,4.230832077903198,4.667584087474976,1
13.343533867601971,22.58517663889149,17.7754444764087,0
17.56305014886734,4.062139978452189,19.895116741480066,3
15.35744250245125,6.68428192890109,5.71464474838934,1
3.267566696479223,20.907935895971185,15.99874081937966,2
2.4839272728391375,20.83743076515762,14.201882016803774,2
14.618653865081807,8.28362753215419,4.812112171771052,1
15.32839549892015,4.327080161476211,20.848656768644354,3
9.16477884477941,23.215500050362266,16.23180346320655,0
14.39733563034265,6.64320829688423,4.5461904027854745,1
14.625492562354152,4.54398065186448,6.59643075644995,1
12.928360489919699,4.154016219472728,7.1760975366643756,1
3.1628777187262145,19.50643428443051,14.68154590329658,2
14.353367534946695,6.730958554132553,5.679680854655093,1
10.034162569327185,21.351662369252473,17.21047750482126,0
2.786475863040053,20.00580781874247,15.303944029867944,2
15.445691566810158,4.093741951628669,22.885443198575814,3
16.583038166535363,4.2506303863856605,20.780943856692964,3
15.554586378063734,3.8693764719696,18.65069220051465,3
14.825969986821018,3.897726175333686,19.850893054301523,3
16.03467326057713,7.3287390394418725,6.143952932535516,1
13.917400606283026,6.678699721370452,5.195895798136465,1
16.570058863622677,3.103881414777165,20.559611244792656,3
3.6293654151294223,21.40930924043805,14.120283388335071,2
9.215750679795606,19.712364963462736,15.12468777402955,0
15.927043755604586,2.6279242203296533,20.707655990923627,3
3.7131576194044573,20.367125361871157,15.717351275294929,2
8.409739049347353,22.630221735142584,17.232980094196485,0
9.32951666528124,22.41833698501286,18.52606473743863,0
15.236985567791354,4.974578654424247,21.12420396141058,3
13.489983221641358,7.6943595721387625,3.8941247437217115,1
15.743970319576242,5.493405751060963,6.932338964720982,1
9.282680126589975,21.52128519353949,16.05051407928389,0
10.037899758117288,21.812093475764428,16.42219763300088,0
16.065987308831836,1.6354435524495976,21.317597293943123,3
16.044685640125664,2.7761320445116446,23.137048395093217,3
9.526065928918978,21.314560620205736,16.853858746962324,0
16.155855537091863,4.0804315415085615,20.306496167100573,3
16.981795568533364,3.378077321212336,21.852937955381023,3
10.249771597440517,21.24146091366075,16.40306022948809,0
1.5775363003584992,20.590649566510187,14.53102525809411,2
2.9467512130752542,20.015488631312962,14.801960767133515,2
11.124627063310657,7.269138509220833,3.3801766279459535,1
13.246032508115864,5.872854173297225,5.045456977624007,1
15.974555397758923,1.7812166422009081,22.604191559786702,3
14.680921619396207,5.557906032954462,5.752298145779575,1
12.416587785280981,5.692257647882817,6.620650197358364,1
15.555590735162015,5.131067792123345,23.390712396408006,3
10.46634750406961,21.53511189035303,16.454219859564283,0
14.758969842591565,6.545830370633695,4.15291426359484,1
7.4174121445391,21.671598534117972,16.26843797023231,0
15.191931535638048,5.906929937918522,6.610616543574006,1
4.126523876461447,21.939105739046937,12.787951362984254,2
10.544604428982153,20.636616760241232,15.702053796312978,0
11.936554356564077,22.143507310173547,16.749273630832995,0
14.467199870223471,6.381046574672637,4.569585252878634,1
10.610377288381827,21.886368536717555,15.684338395627677,0
15.91995411005013,3.3499256860559203,21.877638561325952,3
1.8158013198907739,19.504265055777203,13.546079361319517,2
3.0838350463511883,20.143043001908076,17.215407802709038,2
4.083322355288449,20.19597379512117,15.533455165111523,2
17.07990599986332,2.1659725094696647,21.453131154239735,3
17.243218283593738,2.0994706924846422,22.020267033545935,3
2.207732823967344,19.916486602571922,14.708618691820877,2
9.495915833589711,21.779698994823175,15.224508094177686,0
3.447226318221647,20.844645343878042,14.667515820814232,2
16.940388059433023,3.8694627520679354,23.072689476587424,3
14.403211331131802,7.150656262880572,5.358679565750567,1
0.7374319830910476,21.207568311859752,14.75914413195661,2
2.7095819105309094,19.8534807677392,14.288178464516225,2
3.832152860605202,19.251665682458547,12.46854146884811,2
9.070157054181891,21.671571611671553,15.837601567006482,0
1.2864997737182442,20.43854899464612,13.862167439297535,2
3.1858917000367484,21.73574347091413,13.94265884361846,2
2.9745279783594416,21.309252911178568,15.209686286428926,2
15.133996471319252,5.652671607536838,5.466394288454769,1
13.44230091102041,5.630933366330508,6.164051283793126,1
2.49969006556738,20.74941012169174,14.041448012279927,2
2.8698609744484465,18.760332106802046,14.905410012011334,2
4.114546790566928,21.93580117348735,15.337214688448224,2
15.556706891382696,1.2061238288169793,22.29526324012702,3
8.9139105074241,22.84997824026346,15.510171981570483,0
15.62565009286861,1.7043319283231018,20.281672603291227,3
14.993672004652975,3.6284654496786786,20.30089451560704,3
15.365171970285331,7.038689414851043,3.549389803100876,1
4.933923840033733,21.984782130046575,13.565203978277903,2
8.891427353993477,22.019529827916507,16.686859429992843,0
15.670297808778804,3.126814392546379,21.142017290744505,3
14.901009812021968,6.177385933745814,5.38848268558731,1
9.88993849129932,21.976651425773476,17.743180718244624,0
9.021327991012297,22.556846171784287,16.17646114341564,0
17.693819280599023,3.9115540096564203,19.998890868437947,3
13.907419422867743,5.5651732821555315,7.0010474761646435,1
11.82027909098825,6.508951413379694,7.612889924156844,1
4.894187242849082,22.554823061691337,14.660351336304933,2
15.076301029363112,2.5862793559370942,24.34729146854861,3
13.692069391054776,7.918059335698253,5.760733267991063,1
9.25185433008084,21.106722466156725,16.06310750565977,0
7.83594570508148,22.837456712160236,16.713196803416505,0
13.519941634613456,6.816760256305445,6.0751956152945645,1
0.14216008754316434,20.507372460252398,15.822811416375028,2
14.077370787892608,6.057779680949207,4.365925817857377,1
15.85296876746509,5.838406372261572,21.83115686860058,3
11.123213680878886,20.58414475023769,16.199834349531116,0
15.413286899390204,5.44398050678946,6.920830839634869,1
10.473493360892764,23.679760572660896,17.654248901246234,0
1.5804815413318565,21.218561229574817,13.539239183180737,2
2.8987814141557227,20.34598880831075,14.569419350039386,2
2.7252863528374203,20.21391311157287,13.93393727565884,2
16.82979204463899,2.677516087137553,21.480192599653446,3
17.406131136657695,2.060615519708028,20.075739086496316,3
11.382127391795823,5.574128360596247,5.5116944121266,1
15.576833825263709,3.380630953045147,20.488513626258055,3
3.362241440594932,21.472160264927417,13.006478415885779,2
9.995789655927707,22.88004132236844,15.439582429172326,0
15.013760166105241,3.4968993355499496,18.40706107233916,3
16.489272728763993,4.335960025453879,20.384301090947346,3
9.433856753226182,22.32208789709038,14.929710443571476,0
3.4604251517296767,19.57173186540352,13.595942638658633,2
13.52766716253996,7.573757285966431,6.699462552454766,1
11.473763969067159,8.411315381439472,3.7303179399604574,1
15.769047357036253,5.507584118364344,4.732188846788069,1
7.5720311616482086,21.987772252749103,16.70010904616913,0
15.974122537514534,1.1734586525910764,19.27749689060482,3
15.79192462708755,3.280217290244382,22.22424421468139,3
2.409515837773407,20.642697425917884,15.36275068088732,2
13.6107287425376,5.000702914222586,3.8252089310031483,1
15.91806757654589,3.1118516896411688,23.302333632812893,3
14.078545190086691,4.786347313930525,4.5185227627728395,1
3.444960114910131,20.064617941794626,14.60899403633945,2
16.61873196053615,4.867512208062816,22.10270358306461,3
4.087887645605582,21.28892040008987,15.258430956670393,2
9.701819844149869,21.91757301632793,16.094959749419154,0
10.004069810060606,22.11136367754636,17.60852382676099,0
12.850447662378434,6.5027825550327805,5.2863426149371096,1
11.339758471892594,23.140851157746077,16.37099014567327,0
2.8278527536079796,21.496647553085346,14.391942427062268,2
14.121837141142844,5.7832868377306905,4.506487743183113,1
15.41487320938067,3.2349157228002667,19.84957874437614,3
2.1079898242176363,19.25571999391951,14.972607826837752,2
8.339808799524947,22.389984146543995,16.039240146309297,0
15.046801433800503,5.09385750943767,5.25286008087093,1
8.760435745230113,22.230744717780297,16.685450676131914,0
2.971633208362496,19.966077492688278,13.841908553101767,2
15.05658876285839,3.6322313129299157,22.616156195545443,3
17.049106981794743,3.091022260358857,23.193408399152208,3
2.5594601830022086,20.79229717157373,13.023914795675884,2
8.663571433394926,22.533632642439493,18.172617749230678,0
4.114808877277235,20.610647080700527,13.409862860223738,2
10.653966129102209,22.02451918921791,15.65837018518015,0
15.745257151035656,2.2816205468756916,20.948184185244074,3
15.162640172865373,4.892764993711737,5.717290476573911,1
17.433805056027676,4.144181988695852,21.68692070606491,3
4.26263187836256,22.281870369719297,12.792750640411759,2
12.525155783524488,3.921566852228647,5.559904856777385,1
3.667142402530617,21.383732822997583,16.781960273775255,2
9.47228924095486,21.72562748927818,16.962597396566192,0
8.2994988797446,22.67083973683215,15.66519716600078,0
10.859433934479599,21.04936266761822,17.32593029622654,0
17.11675211415866,4.287736678445842,22.870867718990866,3
14.823391426054226,5.7717206744408704,4.770632702405624,1
13.786198380955286,6.177022733745837,5.649583161080784,1
2.3153155883731156,19.679973083181242,15.052261052445337,2
2.8905486423214217,20.302155621150266,13.275088555716351,2
11.549290357311776,4.536469985363006,5.88030506286835,1
4.080901177939193,19.65537882995971,15.89559801108172,2
13.651534632723349,8.19712079240957,5.501825858955606,1
15.810037320207176,4.975103244748157,20.579768377297885,3
15.867484608256726,3.3400906340579812,19.880323296559077,3
3.75022551313471,18.725398563614956,14.484472900946118,2
3.0304152762716843,20.40037479845747,13.797444253056097,2
12.551359017198887,7.621706460804217,4.797210567881917,1
14.000055522935263,6.328755616796283,3.0781555382997627,1
10.53981160278414,21.309942437655565,15.231417539864541,0
3.247816126410365,19.251383903513094,11.10094975136957,2
16.624740086039015,3.455204554559515,21.95633655775839,3
9.597232604639146,21.759308910777467,18.14387182481079,0
15.747846022499264,5.29937754325624,21.954750167773646,3
14.843237414629487,6.616054696821335,5.27030931186763,1
17.43632659719963,4.063211877255554,20.260511372815067,3
2.6789287211819577,19.37019430723999,14.144970550858972,2
15.648255191407513,2.693770995168448,21.167672418059635,3
4.310117952560745,20.43679332603647,12.58402225654681,2
3.0222259676829903,19.87333365064729,14.022828193720773,2
10.120431218870863,21.18529111727625,16.079697796031134,0
14.793136517088097,5.398965885146857,22.30955976541461,3
8.16261632804882,22.211147364067443,17.37834541622351,0
14.542152763126008,7.7487694319772675,4.7407626657365665,1
9.559365351753277,20.951982414472216,17.113471266863282,0
10.248310086994556,21.483784980587792,16.06406059558342,0
14.195303455574445,5.641624187185252,6.375646532297575,1
13.90267090588164,6.606874452674932,5.1843648215341736,1
8.50119755668867,21.888499208098672,16.695603748516795,0
13.078562381721229,5.933501164687371,4.6801593484498785,1
13.600336531848965,7.847336660082135,4.720254221109451,1
3.0584504904314933,20.58888526489833,13.439541577252594,2
14.272462264347224,7.422114098247528,6.681401603450906,1
15.66172137976928,2.8854420293986287,22.786534821448335,3
14.284898849879035,4.031401331882185,20.762834654414256,3
15.430495280205434,4.169611735839668,22.08370478203009,3
11.041954352469773,22.12996076249118,17.819176020291927,0
13.769589323838371,5.5386918949000865,4.105133676031187,1
7.465659790289642,22.20074044296775,15.978092371459713,0
14.001914506875549,7.398824671456029,5.310989474743956,1
15.224945181131313,2.7439103294471625,21.69038977156626,3
15.274770633637452,3.9465072222619586,22.627177545728948,3
9.801709942545255,23.48964234514787,17.49753845943012,0
9.30681904059457,22.032720061263717,16.987460541589773,0
13.934661214440025,5.94774550890791,6.003550344210725,1
16.199689550880937,1.963098471282505,21.0985203952331,3
11.367598189505316,21.240496929094746,15.395224132916685,0
12.359608286063992,7.591543136342338,4.910566729572187,1
8.200841477206197,20.719207356134707,16.304094136937973,0
15.310045121660595,3.5869013048245613,24.383456045843296,3
12.304585610063143,6.519595931454009,5.767086346426795,1
14.971179793800385,3.22411743065504,7.208265111504781,1
16.76817461505709,3.2284932671956614,21.932702691720436,3
2.968012784084271,19.606700594895898,12.155763617791116,2
10.277886980689702,23.172881707205725,15.81919651787639,0
8.466414735612961,21.761717976805162,15.392095654263251,0
2.534955018774024,21.185916387881463,14.975425280240263,2
13.839152517267815,6.135061003577927,4.334992093641813,1
13.953531885014051,6.6728627632658775,5.343804540788715,1
3.5172855921496495,20.010464884975548,14.021591640287529,2
2.070705813148791,19.91270862754412,12.91659556637824,2
16.10833090290336,4.635258768334676,22.49466627705077,3
10.58957922893444,22.83970247718635,17.45338847222874,0
12.628719172906456,5.201720862364532,4.115749639971986,1
10.519958014272893,22.486883610611365,16.895908570541977,0
15.053950409495354,6.954294963397634,5.57907048595249,1
8.89840845270838,21.150295358518505,16.68840046417293,0
17.397263175927847,3.255791707979382,20.849909746749283,3
13.205372118836603,6.085687921461949,5.354105139260574,1
17.12963621645377,3.0803815027327257,20.785960308732136,3
16.644139443130122,3.8317843763678905,22.005047636455558,3
10.216569000845942,22.495295359935035,16.863762860507233,0
16.565746310882606,4.647472077738204,20.327143363590835,3
14.280576381749832,6.936110021388027,5.980363895083799,1
14.971784896830547,2.7873444962028255,21.21367168558404,3
2.833053767615006,20.926710346581046,13.478186232749984,2
9.139288892905942,22.032704507387873,18.316316148503383,0
9.376262531694632,23.252102440171782,15.045451177433733,0
11.177944012019815,22.895925885147772,16.631906194911483,0
2.853710713724949,18.42990824854492,14.235593942237115,2
9.734489588439162,22.259252699307044,16.132935660856973,0
8.788749283069897,21.686623981600555,16.247770683095943,0
16.704930934591,3.6115003196347626,21.66221712457356,3
15.511427621514011,3.328251916125689,19.948551823541358,3
2.1871429386933485,21.430603584785676,13.901919070910576,2
13.323892138874726,4.8964325420864725,5.153973874983279,1
2.226233541319395,21.409505031673735,13.486336789750128,2
3.229527753891393,21.17629659062092,14.50703305215865,2
2.2422876517775663,17.793235392752372,13.736296012984065,2
9.903733831222874,21.450561575394346,15.81765844066167,0
12.90805602086536,5.815148104494062,4.51037820456477,1
12.210971543536868,22.639953475963328,15.782721279811819,0
15.6151848440771,7.1301898981913645,4.431740061546329,1
17.048742393187652,2.6484037817374677,21.43613487868749,3
12.494258115166604,6.303732728627885,5.104580557551058,1
9.675436235479554,22.274168922446744,17.42170170800541,0
10.847042405518073,21.942276006617988,17.643411734120125,0
15.768980449860036,4.408260396495496,20.93170166401169,3
2.8184799678665797,20.945094805354753,13.652689898820542,2
9.346441965023308,21.440624121318088,16.09301989498771,0
15.563941361229267,4.834059747614557,23.137096707037465,3
12.508794803730911,6.344824627408702,6.1669887093362075,1
9.677569141424328,21.258903195845,16.028361033236152,0
3.905864214863927,20.1422987422806,13.372927196542749,2
2.042054810074978,20.464409162409908,12.253860869301324,2
13.884887635589477,8.700082146503048,4.316215838754323,1
1.9917554076537023,17.451260702217056,13.994785329813539,2
13.925458327798752,6.116770269758161,3.9615257175315115,1
4.801636772735383,21.065650406570597,14.097733873765769,2
18.010060389217323,3.2361259404168337,22.066851847997793,3
16.117974606107047,1.880582383360327,21.91245179925772,3
16.026954771519176,3.745549852484583,22.82956382507107,3
9.34374499544511,21.18878893140581,16.31849299457511,0
17.699383474333462,2.289145079671634,20.480694222225623,3
13.390092245371793,5.953251095062319,5.402470357212353,1
15.501130416447461,4.110518306118584,21.819169987629277,3
16.78708248956691,2.714918067486474,21.980223610324614,3
5.806015590381024,18.82055258710355,14.27603989635875,2
8.571378142713446,23.56422053321586,15.856625543891864,0
16.559378605867717,5.220996235649159,21.18015114784751,3
15.160199989501113,6.759103030877915,3.9768854939935707,1
9.566606935140976,21.33712441668621,17.614998569645852,0
17.609950785813837,3.0519212401269638,20.072149357157848,3
13.471115459588122,5.099139991718017,5.828246854023407,1
16.951823451972622,3.75174118048494,21.968810040459417,3
15.62232885277193,2.863421090990972,22.231530955020194,3
16.784162779821177,4.041219470137859,20.593881283579893,3
7.451570199187149,21.744879293753762,17.35742109202406,0
16.34287817603488,4.006719351751613,20.840773990131567,3
14.292951618083269,4.527379075317061,5.560365144684452,1
17.8655570721764,4.658581601450768,21.336193033873855,3
9.180535620353794,22.33845248068676,16.509735781860417,0
14.241778399723252,3.3978521398218113,20.708469269175712,3
3.659893991860775,21.463671954019972,15.602840921432549,2
11.643984834458806,21.246938565310273,17.51219947294878,0
13.321812790148902,5.591756127098973,5.7062544254791465,1
4.080826416973991,21.32410523354168,13.35168002578753,2
13.613877593153672,6.711027639541039,6.228593987306962,1
16.840824838877413,2.262895850757392,22.064509544149097,3
2.8337775268510725,20.478713599357683,14.84739849953181,2
2.292009162089295,21.44895769991347,12.832888341996847,2
15.70414990083412,3.3688665046044743,21.45621977804828,3
11.99770311758686,5.181037415029976,4.975802851002438,1
12.690177459752162,7.11663962829587,4.626133823562741,1
10.836222423102228,23.60747275483772,16.128663159796915,0
17.677845611174483,4.013808206308532,21.47023390452363,3
12.559455187035752,6.009146747500029,4.215982765259263,1
11.954044489432537,21.8219251634172,16.941426178561713,0
16.465270151525786,4.133252391042193,21.167330669395117,3
16.643700508601565,2.17402746358875,22.26735310762916,3
14.897803366853502,6.180003178768904,4.4729536290184795,1
16.30484002326316,1.635454653017728,21.806849854720557,3
17.643114958383507,5.374277076446844,21.401892715087733,3
14.465620947948882,6.409541452756548,7.575190546634948,1
16.9728481104125,2.2634265971634306,22.216974686994746,3
14.409493353614764,6.15837628701693,5.239921733442315,1
10.857676644391775,23.659253841699606,16.390842796671723,0
4.326411597821161,19.588931338700654,13.212047797849795,2
3.3381137986412153,19.95649507641538,13.194710014215456,2
16.267205347192387,4.675396563570718,20.55188106577415,3
2.9678461045911853,20.059008074188093,12.018437870457422,2
10.343235711743475,21.221765389765622,16.525142394761204,0
0.989002697349953,21.170944592649125,13.486972048910253,2
2.3520687234423434,20.747583959962792,13.54846088779326,2
16.183692685532083,5.562881023840896,3.750087427144976,1
13.948142725195588,6.938139108049017,6.510097955741367,1
3.7225916913052277,20.028042597469543,14.719254639374912,2
4.8722856159459145,20.21907369696123,13.853478511674165,2
14.030885076113709,4.179897102547786,21.613593548696173,3
10.893596687883349,20.61243506540604,17.226735930028372,0
4.382705938889343,20.90562061896732,13.795816136014343,2
1.9073828201947407,20.61708084766533,12.665718430240771,2
17.0466830389099,2.819333930263996,21.52174473919547,3
9.018870511157816,23.103236725165686,16.704158855323563,0
15.451871701171736,2.1531849752407144,21.181179992815515,3
4.554137543428318,20.07347640089975,14.310993864144033,2
13.29211802646585,6.961016357837454,4.467266427421663,1
3.9522978425267574,18.35341909778687,14.914897573163485,2
8.068548667349575,21.367713243955794,15.558330832613706,0
10.970746515837275,22.09165443584594,15.778594634899838,0
13.283981865851164,7.85633661201398,5.317801190186701,1
4.458666789925099,20.30065485319982,13.022998002569265,2
15.23507042593937,3.9672025322582964,20.479510531753792,3
15.010437472301401,3.798013203727608,21.193725822253764,3
13.722336667485685,7.448566950697788,5.676120416124713,1
9.780577233843662,24.08968692684376,17.511003539659793,0
3.250329834325427,20.5208386229043,13.404648339429826,2
16.194248551332496,2.6531945512159787,21.16779632903412,3
9.516893427158085,22.531945148667447,15.914135023074635,0
13.237639741350966,7.3564659840591675,6.211200527318322,1
13.87787415155378,6.399394334619069,5.727786916440593,1
2.656897322135773,21.164142942003256,14.569033803065555,2
13.218893833921374,6.056234462255738,5.448652817027534,1
13.714127538120028,5.924022959763752,5.04828914730999,1
2.262888195040862,18.99320928975971,13.833179844087143,2
13.670699997452603,5.732195990307501,5.2903066290995415,1
2.9858178389319185,21.98499308122672,14.043186723160137,2
16.974656742668884,3.132726955584241,21.118436874744052,3
3.833012319814456,20.536719543736393,13.270330903125357,2
2.0228391255832214,21.36263470291897,13.946535948328716,2
3.1102785197755036,18.55049044729182,15.284221735578168,2
9.33512514155517,23.18206818985813,16.894299679529315,0
2.2797975921362728,20.16045595155494,13.277397590057726,2
2.5692079842110953,20.297117158539777,14.302461393683782,2
1.9112645093942717,20.92803824185407,14.904633297187585,2
2.938469988729185,21.813386354100786,12.42139625638766,2
14.197854409692617,7.05296364072182,3.701524673791022,1
16.623512449172807,4.195080395198644,21.14665815719539,3
15.361412991523263,3.3481653113006935,22.635635177924023,3
15.142465274386405,7.502531799886257,5.768600294313696,1
3.6625167183084457,18.522465181345964,13.479626435130154,2
3.182465951039397,19.595519974269568,13.839403793759335,2
10.119147886211529,22.002039355351407,15.74262446474227,0
3.1472199724857113,20.8698071635024,14.028722504675113,2
12.32777093698384,7.14294324085837,7.559642813063326,1
2.3925298935766914,19.38361981438984,14.851775076795924,2
3.0103989597104786,20.128614635146022,15.15607033173124,2
2.257970382633861,20.647882197220305,12.843260443704374,2
13.93301173329639,4.689597706730682,5.247994821634842,1
15.353261038088183,5.494810107339201,5.515693940161462,1
15.774320906131393,3.36627866798381,21.423585463782295,3
16.259519095459854,4.707561667779064,20.679364655631154,3
13.27304886900156,7.315419437773572,3.5967035019402793,1
15.6122864893848,7.798073622925171,4.566302165016059,1
15.119407143677806,2.9244869647211225,21.046275725423378,3
16.24713871732427,2.486265259856461,21.653580798914206,3
14.586687656671149,5.097580243650325,4.862513869300709,1
8.170569169926608,23.845744894052675,17.819318956949388,0
9.621542954233341,23.45555941726444,15.204016685048662,0
10.648913250447318,22.805948822161255,17.263998653280257,0
17.88614820568202,3.124242366515693,21.685525947642894,3
16.256795755362216,3.1482416698337996,22.077339818678084,3
14.192320011604671,6.369756492559485,6.697343686487528,1
10.102478665788118,23.04528565069427,17.571158955344302,0
8.110700918732359,20.31090368884317,16.584331137331482,0
15.658476785369565,3.675177101247108,21.69242117225338,3
16.421893819254464,2.872848029723311,20.38964235916368,3
9.021626724842545,20.301151599107442,17.993751210393512,0
9.558320858357359,24.07503405308031,18.395219678671307,0
15.213103551696708,3.874896178015172,20.03105923677964,3
2.637583845429397,20.475877787532426,13.199880302481976,2
9.861948250318559,21.4103009414825,16.726468623701003,0
4.099242380990548,18.71596305112973,13.259575456297961,2
13.94881509167975,8.262643167460594,6.8474335768247645,1
16.115939310619666,2.987453552518005,20.82836411500113,3
9.817729750711413,21.795185599389455,17.46928441741159,0
2.2945420276530886,19.665406426423445,13.71857420608751,2
15.55747092995168,3.182141230555702,19.75871288071445,3
16.643518283256295,3.7804230332335678,21.79199434145614,3
16.177069889870513,4.313967059702696,20.490440863092964,3
14.70804746999055,6.783254077516142,6.293364264209378,1
17.274139930910835,2.7824264922232604,22.931924753156387,3
9.857400623044098,21.07440634187097,16.126011918891408,0
3.400041226098775,21.298720545281135,14.523394404804021,2
10.20241725503614,20.88964403636045,15.10576466549248,0
2.071273165921143,21.734455295244974,13.923712102579914,2
3.8798579690719244,20.76199865430843,14.041916892558167,2
2.255939942501371,19.669756576849885,13.426638940820684,2
2.5390228816295384,20.518130370735946,13.279829649166128,2
14.01960623209688,4.76051666786881,5.866143972751274,1
13.759180839715222,6.070909099196297,5.794709898890657,1
5.332614960861804,20.147637103066366,14.145505041648661,2
2.6895816656668625,18.344223105122914,14.77021049098171,2
4.075256869597239,19.52034396481836,15.514988803823698,2
13.631891478226606,3.11508242684625,21.639518978156666,3
15.668328733521136,4.855321889384863,20.141690148960627,3
16.938858908685418,3.8783608678821295,22.919203270399265,3
9.477305152209315,20.956575199242423,17.46242374833129,0
8.431588855058298,21.95160703092515,17.595021156729338,0
12.763474941099624,6.720301538844934,6.650641239067751,1
16.41920409606366,2.1699293104344246,21.732373460484784,3
1.7104965533124314,20.311433967652647,12.769906790451056,2
16.66211727730212,3.4614635730970083,21.40526020186806,3
3.8395475628948965,19.66944723237128,12.191667338007719,2
2.8662708332249593,20.491983891768317,15.339897770472135,2
14.585943589003302,5.0669572456750736,4.496121446028249,1
16.84478054873198,3.2023760663366865,22.471175091005897,3
6.839832568554238,23.105792980120782,17.88596402872573,0
12.136964310837435,6.628364135761274,4.01652380055018,1
15.336937394393235,2.8031001626763477,20.86921933517587,3
9.66538018977909,22.271836518921084,16.565432920461934,0
15.501638110353264,6.628208565138354,5.658186485773687,1
9.71826231155138,23.32142888248075,15.032395601666874,0
17.41860077278348,2.8763547988998255,21.756650661449505,3
14.783834055166672,2.8469158817451063,22.419580338669284,3
11.243072820370873,22.949964521345784,17.91143393122226,0
16.724332416095265,2.531875532413995,23.38525815493933,3
15.237218411652604,4.301888297040836,22.43344637796364,3
3.674757663461282,21.0486187023467,14.538478521979133,2
14.176092704792032,4.604628693851499,6.667395608054115,1
14.21697039771193,5.556294178112002,3.8395860080531587,1
10.406204494649323,22.343037237858006,16.110118632461063,0
10.416979924478891,23.923702768668452,15.24131126240896,0
9.644527482892778,22.07249484664432,15.496908538397477,0
9.852438401994885,21.369166373593195,17.001274441736516,0
18.249894328790834,1.8257065736780902,19.51827265810084,3
14.005173833006499,5.366954938502547,5.5798625496631695,1
14.530979990292593,6.13072542869211,3.8080541743738934,1
3.525304125988958,21.210410305596003,13.601538441183122,2
9.93506568843329,21.653319962379243,17.79920863959235,0
9.562368614166642,21.536628681433207,17.118858661974492,0
14.655061173567043,7.967080134584764,5.703818592050017,1
16.356476539949035,2.6534078170284587,20.26758170830236,3
9.6741443826856,24.204089061415992,15.83158055087295,0
8.693907121476773,22.59135825537886,16.43683345018511,0
9.005438829118146,22.096160267584644,18.95453740290161,0
14.013761375144615,5.418381121041975,4.456989489173106,1
16.496509585005025,3.7278458430988266,21.867464633048414,3
3.321528635361391,19.295847774572746,15.288008075728875,2
1.597430631652939,21.940735490467326,14.126656172387388,2
15.630480658108944,3.0765521047445965,21.74053487772951,3
2.791661213481863,20.0647268528316,15.620947405368891,2
17.490384875456318,3.798498406605251,22.48917746842585,3
9.95290585121052,22.213345823771792,16.039661959069306,0
2.8803446862457758,20.390513632723575,14.538239452568275,2
16.247344562214238,1.1923895131685143,21.168397412664692,3
12.926258701258792,6.657025561376016,6.30559456138705,1
15.122443010226409,5.4171963837228425,5.084901916227092,1
9.663983302798432,22.39960350792716,15.756021400026968,0
8.65158485372461,21.705073752347108,16.971142267631667,0
2.922740144194295,19.956698503684017,13.630542085820354,2
15.676145720553041,4.642564399070784,23.083211321948397,3
9.66217065813722,21.89863784581008,16.338775140638813,0
18.854485219901406,3.761489910483956,20.394142446397876,3
3.902496588784116,19.81030934902712,13.793700319524158,2
12.89211314353247,7.173525662181634,5.080335252867398,1
16.253204040369283,3.6639302823427258,21.281968000117928,3
2.73237001884673,19.631101935624848,12.615982771192343,2
15.393673931930586,5.549626515099254,4.287534833619825,1
12.86996131821905,5.899119185262958,4.843077106835133,1
3.658371466600512,19.85821245871865,13.91635188056004,2
14.671392997554321,6.51385819427048,6.015083626751785,1
4.804345196619953,19.422902180850834,14.660692160472559,2
17.542905634611394,2.1194271908104305,22.08790484848508,3
13.156234012953496,6.489046117721631,4.7265515943966925,1
14.15977880709709,5.673939194298201,5.313980399622361,1
16.376164739091436,4.989807943478233,22.383646728855105,3
14.240561998012634,6.442070615044743,4.451799953081005,1
15.801821883468445,3.7127972251077903,21.582031559562388,3
11.974968999408624,7.036700483551211,5.466378882622046,1
14.180857371103844,6.391951646044103,3.8431418309037433,1
3.356408438082765,20.304814159052807,13.63378178177529,2
18.173722001621673,4.435399432023031,21.647505638881615,3
14.538679329572275,4.359610049692913,5.8732320278285854,1
17.206540030005662,3.5565777190129406,21.422100086524843,3
16.509128039459245,2.9244613218024966,20.722488964078273,3
8.951042696637888,21.235981402796007,16.835724091325783,0
13.401990694157934,6.692955590204889,6.519245843310055,1
11.387595359601198,21.76889801219545,15.886142671870612,0
9.588478475496082,21.241276344342857,16.664389010487042,0
14.59384178149141,6.298073809781984,3.7845460480139526,1
2.858492460529714,21.123464817440755,12.405989626427587,2
15.572584729182212,2.574427454866349,20.790321782564067,3
2.9276523842570086,20.789881289945036,15.009634751453277,2
3.07899155752129,20.20177540711542,15.535749978106306,2
4.012570205531961,20.186151127099308,14.412765084793065,2
9.436507510429438,21.783351597989643,17.33608520104152,0
16.00619250709616,1.5038823280386584,20.537812032460383,3
2.8426183076973714,19.527497058695214,15.098307373462774,2
3.628102225797516,20.28788143320122,12.407168418958666,2
16.130477897206234,5.514657885845391,5.86198577873336,1
10.238095982070512,22.62465639363179,16.618977242263952,0
2.9146465426179926,19.96518276347748,13.374758429229017,2
9.787787050180436,22.2647789785442,16.986327045725076,0
9.330863846983823,21.995269920295634,15.637349471590293,0
17.715611976635685,4.265665862468273,21.813062543601795,3
14.608341485622702,7.169925524168065,4.584655195163485,1
16.321469781773697,3.913472622083594,22.515595859142348,3
2.088929217624184,20.56276977960985,16.09638290461415,2
14.294526899391006,6.542293563084015,6.7336016757827,1
2.5116696625405304,20.49217758746543,14.464240884433584,2
13.281261614059488,6.074786792493232,5.363229856046745,1
16.812587797744566,4.270141002572714,21.163576473282472,3
14.62145011778459,5.9994246602409484,5.539422850631081,1
3.7193633040891143,19.21206495856167,14.26880501329618,2
1.5597064314668216,20.077460427368756,13.179053639547984,2
9.271130489109737,22.37139869971007,18.117772880969618,0
13.421311538048286,8.678572094516982,4.555642808066665,1
15.887201037807518,5.929690408085383,5.337323279903776,1
8.084141280099027,21.091052882087418,15.288194230611769,0
14.198825864248331,3.7613399332157424,19.83339427187783,3
13.335429699689417,5.589375853846912,4.496749880299289,1
8.027287428815132,22.310406405262896,16.90093410840799,0
1.737715090913845,20.05687058626429,13.593055814565513,2
14.945724133567461,6.742182771065926,3.549665686833597,1
8.253851666069167,20.693829515114047,17.161820401845,0
10.444804140440452,22.665677379504118,16.324609591587755,0
10.129394835724623,20.352766065929362,16.573799037580784,0
17.056806986683508,2.780112156750718,21.65136228127787,3
7.971432410993236,21.53005205533207,17.906789985414726,0
2.3331752185837438,20.220268155349657,12.379111423710008,2
15.747986394797632,3.6719703924989346,20.434438117029273,3
7.934173203423346,22.620296079543962,15.359449483731819,0
13.114811903759518,6.820682688257722,4.54425258048628,1
9.019764071328927,22.24633606555596,15.191794494730777,0
2.151941538654052,20.9426771765039,16.079795704575872,2
10.212474440990485,20.885234356981094,16.115358569948327,0
12.48760931090376,6.387423074717988,6.00952120234749,1
2.4532654764535273,18.809808522885877,12.21916055860823,2
8.839202029341433,24.158230217523645,17.27379785854611,0
15.41693428801399,6.038221630456161,6.237186238312181,1
12.983541547370395,7.061143996836946,4.137403013185744,1
3.0615181668840368,20.11984916532174,13.144317648107615,2
15.331007149364343,3.934203991181807,21.81659526412857,3
16.65347040391371,2.8856550432484678,19.24485412336864,3
17.355560958968283,2.4305243547763666,20.933792780930496,3
8.697929544684905,21.907255768243765,15.604636513808728,0
9.672668632005745,22.262506714498656,16.180517936687856,0
4.78635070183355,20.646602188614732,13.769946732737889,2
13.95674678786798,7.308766082296814,7.646822832597675,1
13.039901724867535,5.67709055765722,4.235087692697152,1
16.45802710106167,3.874874681183634,21.595489308871095,3
4.53452071804052,18.111661004169196,15.5557339361605,2
14.347226253788303,7.348041801322022,3.910249388032849,1
16.13789940504667,3.237335628013213,21.62350496528083,3
14.552461183541821,6.239953177262883,4.146821465842498,1
15.144768427344411,3.1676094122418483,21.358889755612253,3
10.340404473968274,22.371301614163368,15.946969240967448,0
12.570564412141039,7.869949552035669,3.876027171332769,1
15.72468731868269,1.8051127851773696,23.147780947445305,3
4.217729052430041,20.54676182962786,13.967406234247889,2
11.58318965263271,21.00826874669862,15.42569022344037,0
16.6433176176394,3.9589546832940155,21.94708087855725,3
11.419248549038777,7.054692720088004,3.753011708308632,1
14.426703985454711,5.876216173558081,6.083977575012411,1
2.952450369619461,18.640084723277752,13.216430168367987,2
16.696080642043345,0.7759421468991707,21.40157254983705,3
11.159823902236642,21.754694776834718,15.136735883109996,0
9.435217706036795,22.294254754518143,15.514389788929725,0
1.2951322920033732,21.331036605335626,13.337670409104172,2
13.304096945280815,7.160277496244806,4.514274866987189,1
3.180521866308837,21.03173733875526,14.255516366127678,2
14.366487523335104,6.312421925338762,4.810773942521552,1
15.503617002068772,4.266215112982664,20.30626314284457,3
16.457076044668003,1.8950473364952583,22.87513146935816,3
3.4219940821352104,20.189214174028155,14.833108508023958,2
15.98337422270708,5.94342558135468,4.3215931621856,1
15.776429744208045,3.794678870656977,21.53945418332735,3
11.623835751603517,20.06219832867582,16.488093741192518,0
9.805049709542523,21.10626205267711,15.22757513489281,0
1.4991802553283158,21.35606911984036,15.149005371691759,2
12.212360871959955,4.594716494278636,6.382474510151235,1
2.0349047744541835,19.129597909099648,14.165243329627883,2
13.30154631600268,6.094818737857285,6.292619425983418,1
15.169741185605224,5.96184323582176,5.0925858672141215,1
3.513120450905573,21.39367315381513,13.995778975615115,2
8.727543220404733,20.2094040275338,15.012336398344939,0
11.819779570337017,5.4814110611592275,3.796800613316556,1
17.680735479562678,3.9224819744436434,22.428777628863944,3
3.5231757685700913,19.179796708178042,14.130859940640699,2
2.9021255657800733,21.062333396386208,14.637667718877228,2
15.186267383919915,6.262089722488635,7.439219946705748,1
2.2052358665459817,20.79592919337908,15.50641626340014,2
9.220927441653878,21.035522412416015,16.19558557615199,0
3.5687245304885256,19.351866180957416,12.642682070075246,2
9.18125593763326,22.34041915044044,15.388765259842799,0
15.799179397487668,6.798298680187999,4.631978998578351,1
16.23079589295716,2.6899523325787964,21.575017915379284,3
15.819806679988398,5.050288042522578,3.594365235799314,1
8.651080534766473,21.4148934827543,14.515983111918295,0
10.796281184101579,22.03528996983108,17.321831807523065,0
14.1742687306557,7.171027204856342,6.225416339682037,1
3.7924839279187665,19.299336091169497,15.876392801198364,2
3.6728748428889695,21.69718146066166,13.884851720236483,2
15.8044223551143,4.302073049435835,21.97340205934645,3
4.378830764189486,21.844838967421154,15.020611133012135,2
15.643074188292138,6.515044338671711,3.924007344688869,1
7.712082128042971,23.510330439687504,17.29424449258216,0
7.884356056689677,22.217749764065545,15.883528090943798,0
9.590134682376476,22.76567325157011,14.970473555106729,0
17.37339554130731,3.6729404171499045,21.028919903993682,3
15.204300641025867,3.755477767465935,21.349544691669436,3
10.768479198845759,22.346600140177912,15.891392299671548,0
16.62404284877486,1.6858831571254527,20.720632390904232,3
15.603149801974878,2.311535652944354,21.837698273860113,3
14.259035074665636,6.4548295988357545,5.7784346793968835,1
8.640958007482459,22.844621944742567,15.783795010319235,0
9.60503002560929,22.164587889660197,16.276266624014244,0
16.37273524820038,4.61176884234291,20.90629459573368,3
14.444585240327136,5.5681497645677585,5.752822224479564,1
17.920072040116043,3.7837953585229123,21.787356238907815,3
16.80193135112173,3.221186779918238,21.722254071461446,3
17.78741047128297,5.630470119364183,21.239151832839834,3
7.279667067939364,22.249900686306887,17.41074403011507,0
2.9707684516366903,21.043280857646884,12.729027276993012,2
2.146578051536121,19.512665404288363,12.76472237594956,2
7.452677841769396,21.006199817280915,14.769086915202246,0
15.827374324940969,3.976295811809649,20.378532704547773,3
15.90649576236721,3.2862356259131484,21.726076567399243,3
15.524143808892115,3.8700765894675335,19.311170024637818,3
13.607848132628623,6.305053114713639,3.772764117194356,1
15.376689647793206,3.0411817873260194,19.992630024061242,3
15.337310113914576,6.245597311496637,4.6904848655988,1
8.913898721284847,21.115871456849966,17.13179800773461,0
15.39479496813756,2.8621327500074685,22.25778493021969,3
10.549226863796838,20.255546641775208,15.456620323562326,0
9.300463698863641,21.138667874813564,15.257079105263765,0
17.501912607711255,2.1121086489884515,22.22792946111906,3
13.926249105061547,6.597413636071852,5.196712297784309,1
9.848589737295534,22.575070654566556,17.722930079403376,0
8.776450958920883,23.88006063934308,17.11371175713989,0
14.705809761156312,6.039656228740148,5.198525597040144,1
15.476567985707883,6.997735099424402,4.898926232894389,1
9.874867825886557,21.981591380104227,14.572436736188225,0
15.567674747165704,5.2734114605304026,4.1284980572677465,1
14.315895030318437,6.577126028002514,5.689657686956258,1
16.950508243296426,3.495516513845409,22.80865618844339,3
9.168740860741574,22.827803345567993,15.409014519794146,0
14.965212033477254,5.945413052153321,4.364145247231209,1
9.988800668192699,23.46542973599336,17.59914966231331,0
16.6697201955955,7.337927592352376,19.314084103741298,3
1.2798231978663512,19.77479800775774,14.11514513600529,2
16.010613844354214,3.3377423203076564,20.946537567080263,3
17.9169272542364,4.984709611130905,20.932391474121722,3
15.748453733777474,2.4849915770687385,21.366757872865108,3
13.321751680326283,5.636486974794408,4.799543098529734,1
14.5119256763871,5.199699215769364,5.289251230760131,1
13.557237699293776,3.6106380327125436,21.834935594973395,3
13.085677506138632,5.68291450852532,5.842271764551825,1
2.9382062609921373,19.974206119380504,14.002880628976444,2
8.384467402941223,20.81807950411765,17.4524046586223,0
14.095467186973016,6.6636708378851175,5.168750477049758,1
17.009625768587576,2.1791665711475403,21.95049698091941,3
2.239262058865487,21.938898604968145,13.699979765652836,2
16.22560548928504,7.102138295840324,4.795059023215431,1
16.52910084891233,1.3116633782644254,22.023705060070924,3
8.012280386579823,21.294441919803614,16.179240065268313,0
13.295454314188627,8.133760056375353,5.256425737806791,1
17.030606148417807,2.9561503598921774,20.508956215011562,3
8.514929123969917,23.067927924806163,15.690479947396158,0
16.43150891431233,1.499434910496273,21.32956299715442,3
14.82658524272104,6.879301398635495,5.401081830693429,1
9.401682337434462,20.70981662769347,17.30955138505814,0
16.481103381839887,2.9075100549083768,21.31667437013824,3
13.748404282048048,4.95025978278937,3.317909969144033,1
3.8711240605030284,19.88803654492886,14.535406033040259,2
2.5880704704670894,20.42537921076069,15.571320386359364,2
13.692494607073957,4.4274159946533445,5.021550779929304,1
4.536548662512175,19.677558736374166,13.223108228213922,2
10.956451145868805,21.788509827711785,16.707407040916024,0
15.245259640439667,2.5798676776856038,21.33101875319053,3
8.972532158673602,21.205792525305135,16.138121792643567,0
15.313022921730095,3.984817699157249,19.612330551305774,3
9.504731668860195,21.99016104108832,16.837963596995955,0
14.016981155919842,5.973370807220241,6.0837695235189635,1
15.581398314550865,3.651094386451426,21.89788215354282,3
3.0711389610598285,20.655503246067717,14.212799914643242,2
3.83453347933081,20.91533704924008,13.668259523923151,2
8.066054190733793,21.46990340367314,16.75080142593797,0
10.204802871039341,22.487523752771864,16.56704992357123,0
3.9687948400012996,19.349976715794234,14.498658004220395,2
7.649928145615604,20.734709161462618,16.015060258532422,0
14.30404991615519,6.953901770457654,3.1261547641525986,1
16.84166766137136,4.6041973983940245,19.61960945923337,3
15.420147568294464,6.316927585360305,6.151734946192688,1
14.315263693682816,2.4821790257236387,19.90166778814981,3
3.484839957548772,20.175920329200036,13.556263732995934,2
18.52532405054027,2.625703853281067,20.01715244008611,3
3.755228965644852,17.383134280834422,14.678201011393936,2
14.133743664990597,6.123418829002144,5.556828576470403,1
7.623537184355502,22.700546318572833,15.02716296503845,0
8.142616954841536,22.757550222221035,16.810744274356043,0
3.223352093211961,20.752339415829276,14.71540584212732,2
13.833580055785559,7.228555625586246,4.079984479598522,1
11.013926454216907,22.55319617188298,15.602632681901646,0
15.774351853446507,4.107227643481826,22.24729915398303,3
13.967098772400838,6.958863583300372,5.201719765271618,1
1.8416497321432832,19.711753824593416,13.985263437815764,2
14.157720987137768,7.662482761416605,7.125983294883176,1
18.03241673129269,3.8013040632869526,20.52990431136352,3
10.05377161363782,21.363643559076493,16.152753452463404,0
4.285784963350003,21.27104937762156,13.249422567040567,2
3.7172767093674377,20.413103596753952,13.82496181455685,2
3.308465255349539,21.93574354375413,14.919139550729707,2
3.598232047521657,21.227457756584897,11.659367799322338,2
15.132080047738837,2.0590196000725136,19.875837857021995,3
0.722855085087561,20.1892437533124,15.445048370964116,2
2.9988793372916955,20.364442090894425,13.020112779082703,2
9.199108627153972,21.412579515968925,18.49215702073704,0
10.584993895418199,20.3218214984835,18.169429155688714,0
3.1284422527195286,20.115406058226164,13.893762723425246,2
1.3925963384748705,19.628809784409647,13.613017796751071,2
11.02883894341322,21.978460089088372,18.20452249204211,0
9.33279447836826,21.5874050582509,15.627774460967935,0
15.290563749575057,6.3179724135411295,7.195151279349319,1
12.78557126491122,6.4301935190757575,5.753667287656151,1
14.929872000735315,5.33438334834078,3.788657453166275,1
3.0138919245465186,19.87027450647569,15.474767769334921,2
